"ACELERAÇÃO DE ESTUDOS","ACELERAÇÃO DE ESTUDOS"
"ACESSIBILIDADE - SEESP","ACESSIBILIDADE - SEESP"
"ACOMPANHAMENTO E AVALIAÇÃO DO PME","ACOMPANHAMENTO E AVALIAÇÃO DO PME"
"ACOMPANHAMENTO,   SUPERVISÃO E AVALIAÇÃO","ACOMPANHAMENTO,   SUPERVISÃO E AVALIAÇÃO"
"ADEQUAÇÃO DOS ESPAÇOS ESCOLARES","ADEQUAÇÃO DOS ESPAÇOS ESCOLARES"
"ADEQUAÇÃO E CONSTRUÇÃO DE ESPAÇOS PARA A PRÁTICA DESPORTIVA","ADEQUAÇÃO E CONSTRUÇÃO DE ESPAÇOS PARA A PRÁTICA DESPORTIVA"
"ALFABETIZAÇÃO NO CONTEXTO DE LETRAMENTO","ALFABETIZAÇÃO NO CONTEXTO DE LETRAMENTO"
"AMPLIAÇÃO DO ACERVO","PNBE"
"ASSISTENCIA FINANCEIRA DO MEC","ASSISTENCIA FINANCEIRA DO MEC"
"Assistência financeira  do MEC","ASSISTENCIA FINANCEIRA DO MEC"
"Assistência financeira do MEC","ASSISTENCIA FINANCEIRA DO MEC"
"ASSISTENCIA TÉCNICA DO MEC","ASSISTENCIA TÉCNICA DO MEC"
"Assistência técnica do MEC","ASSISTENCIA TÉCNICA DO MEC"
"AVALIAÇÃO ESTÁGIO PROBATÓRIO","AVALIAÇÃO ESTÁGIO PROBATÓRIO"
"AVALIAÇÃO INSTITUCIONAL","AVALIAÇÃO INSTITUCIONAL"
"BIBLIOTECA ESCOLAR - FNDE","PNBE"
"CAMPO","CAMPO"
"CME, CAE E CE","CME, CAE E CE"
"CME (quando houver) , CE e Conselho do FUNDEB","CME (quando houver) , CE e Conselho do FUNDEB"
"COMPRA DE MATERIAIS E EQUIPAMENTOS","EQUIPAMENTOS PARA AS ESCOLAS"
"COM VIDA","COM VIDA"
"CONEXÃO DE SABERES","CONEXÃO DE SABERES"
"CONSELHO MUNICIPAL DE EDUCAÇÃO, CONSELHO DE ALIMENTAÇÃO ESCOLAR  E CON","CONSELHO MUNICIPAL DE EDUCAÇÃO, CONSELHO DE ALIMENTAÇÃO ESCOLAR  E CON"
"CONSTRUÇÃO DE INSTITUIÇÕES EDUCACIONAIS","CONSTRUÇÃO DE INSTITUIÇÕES EDUCACIONAIS"
"CRIAÇÃO DO PLANO MUNICIPAL DE EDUCAÇÃO","PROGRAMA DE APOIO NA ELABORAÇÃO DO PLANO MUNICIPAL DE EDUCAÇÃO"
"CRIANÇA CIDADÃ","CRIANÇA CIDADÃ"
"DVD ESCOLA","DVD ESCOLA"
"EDUCAÇÃO ESPECIAL","EDUCAÇÃO ESPECIAL"
"ELABORAR E APROVAR O PROJETO DE LEI DO PME","PROGRAMA DE APOIO NA ELABORAÇÃO DO PLANO MUNICIPAL DE EDUCAÇÃO"
"EQUIPAMENTOS PARA AS ESCOLAS","EQUIPAMENTOS PARA AS ESCOLAS"
"ESCOLA ABERTA","ESCOLA ABERTA"
"ESCOLA ATIVA","ESCOLA ATIVA"
"ESCOLA  ATIVA - FNDE/FUNDESCOLA","ESCOLA ATIVA"
"ESCOLA VIVA - AÇÕES EDUCATIVAS COMPLEMENTARES","ESCOLA VIVA - AÇÕES EDUCATIVAS COMPLEMENTARES"
"Executadas pelo município","EXECUTADAS PELO MUNICÍPIO"
"EXPANSÃO, RECUPERAÇÃO E REEQUIPAMENTO DA REDE FÍSICA ESCOLAR","EXPANSÃO, RECUPERAÇÃO E REEQUIPAMENTO DA REDE FÍSICA ESCOLAR"
"FNDE","FNDE"
"FNDE  - DIRPE","FNDE"
"FNDE - DIRPE","FNDE"
"FNDE - Escola Aberta","ESCOLA ABERTA"
"FNDE - Escola Ativa","ESCOLA ATIVA"
"FNDE/ FUNDESCOLA","FNDE"
"FNDE - Levantamento da Situação Escolar (LSE) e Padrões Mínimos de Funcionamento das Escolas","LSE - LEVANTAMENTO DA SITUAÇÃO ESCOLAR / FNDE"
"FNDE LEVANT. DA  SITUAÇÃO ESC. E PADRÕES MINIMOS DE FUNC. DAS ESC.","LSE - LEVANTAMENTO DA SITUAÇÃO ESCOLAR / FNDE"
"FNDE- LEV.DA SIT. ESCOLAR-  PADRÕES MÍNIMOS DE FUNCIONAMENTO DAS ESCO.","LSE - LEVANTAMENTO DA SITUAÇÃO ESCOLAR / FNDE"
"FNDE - Lev da Situaç Escolar (LSE) e Padrões Mín de Func das Escolas","LSE - LEVANTAMENTO DA SITUAÇÃO ESCOLAR / FNDE"
"FNDE- LSE, Padr Mín de Func das Esc e PMQAE","LSE - LEVANTAMENTO DA SITUAÇÃO ESCOLAR / FNDE"
"FNDE - Microplanejamento","MICROPLANEJAMENTO / FNDE"
"FNDE - MICROPLANEJAMENTO","MICROPLANEJAMENTO / FNDE"
"FNDE - PDDE","PDDE"
"FNDE - PDE Escola","PDE-ESCOLA"
"FNDE -  Planej Estratégico da Secretaria (PES)","PES - PLANEJAMENTO ESTRATÉGICO DA SECRETARIA"
"FNDE - PNAE","PNAE"
"FNDE - Programa de apoio à leitura e à escrita (Praler).","PRALER"
"FNDE - PROGRAMA DE APOIO À  LEITURA E À ESCRITA  (PRALER).","PRALER"
"FNDE - Programa de Gestão da Aprendizagem Escolar (Gestar I).","GESTAR I"
"FNDE-Programa de Gestão da Aprendizagem Escolar (Gestar II)","GESTAR II"
"FNDE/SEB","FNDE/SEB"
"FORMAÇÃO BASICA DE CONSELHEIROS MUNICIPAIS DE EDUCAÇÃO","PROGRAMA NACIONAL DE CAPACITAÇÃO DE CONSELHEIROS MUNICIPAIS DE EDUCAÇÃO"
"FORMAÇÃO DE PROFESSORES","FORMAÇÃO DE PROFESSORES"
"FORMAÇÃO PARA PROFISSIONAIS DE APOIO","FORMAÇÃO PARA PROFISSIONAIS DE APOIO"
"FUNASA","MEC e MS/Funasa"
"FUNDO NACIONAL DE DESENVOLVIMENTO -  FNDE","FNDE"
"GESAC - PROINFO","PROINFO - GESAC"
"GESTAR I","GESTAR I"
"GESTAR II","GESTAR II"
"GUIA DE TECNOLOGIAS EDUCACIONAIS","GUIA DE TECNOLOGIAS EDUCACIONAIS"
"IMPLANTAÇÃO DAS SALAS DE ARTES","IMPLANTAÇÃO DAS SALAS DE ARTES"
"INCENTIVO A LEITURA","PROGRAMA DE INCENTIVO À LEITURA - SEB"
"INDÍGENA","INDÍGENA"
"INEP - PROJETO PRESENÇA","INEP - EDUCACENSO"
"LABORATÓRIO DE CIÊNCIAS","LABORATÓRIO DE CIÊNCIAS"
"LSE - FNDE","LSE - LEVANTAMENTO DA SITUAÇÃO ESCOLAR / FNDE"
"LSE - LEVANTAMENTO DA SITUAÇÃO ESCOLAR / FNDE","LSE - LEVANTAMENTO DA SITUAÇÃO ESCOLAR / FNDE"
"LSE - PMF - FNDE","LSE - LEVANTAMENTO DA SITUAÇÃO ESCOLAR / FNDE"
"LSE - PMQE - FNDE","LSE - LEVANTAMENTO DA SITUAÇÃO ESCOLAR / FNDE"
"LUZ PARA TODOS","LUZ PARA TODOS"
"MAIS EDUCAÇÃO","MAIS EDUCAÇÃO"
"MAIS EDUCAÇÃO - CURSO PARA EQUIPE ESCOLAR","MAIS EDUCAÇÃO - CURSO PARA EQUIPE ESCOLAR"
"MAIS EDUCAÇÃO - CURSO PARA GESTORES MUNICIPAIS","MAIS EDUCAÇÃO - CURSO PARA GESTORES MUNICIPAIS"
"MAPEAMENTO DA FORMAÇÃO INICIAL E CONTINUADA DE TODOS OS PROFISSIONAIS","MAPEAMENTO DA FORMAÇÃO INICIAL E CONTINUADA DE TODOS OS PROFISSIONAIS"
"MATERIAIS ESPORTIVOS","MATERIAIS ESPORTIVOS"
"MEC e MME - Luz para Todos","LUZ PARA TODOS"
"MEC e MS/Funasa","MEC e MS/Funasa"
"MEMÓRIA HISTÓRICA","MEMÓRIA HISTÓRICA"
"MICROPLANEJAMENTO - FNDE","MICROPLANEJAMENTO / FNDE"
"MICROPLANEJAMENTO / FNDE","MICROPLANEJAMENTO / FNDE"
"MÍDIAS NA EDUCAÇÃO","MÍDIAS NA EDUCAÇÃO"
"PAPE - PROGRAMA DE ADEQUAÇÃO DOS PRÉDIOS ESCOLARES","PAPE - PROGRAMA DE ADEQUAÇÃO DOS PRÉDIOS ESCOLARES"
"PAR","PAR - PDE"
"PDDE","PDDE"
"PDE-ESCOLA","PDE-ESCOLA"
"PDE/FNDE/FUNDESCOLA","PDE-ESCOLA"
"PES/FNDE/FUNDESCOLA","PES - PLANEJAMENTO ESTRATÉGICO DA SECRETARIA"
"PES - PLANEJAMENTO ESTRATÉGICO DA SECRETARIA","PES - PLANEJAMENTO ESTRATÉGICO DA SECRETARIA"
"PLANO DE CARGOS E CARREIRA","PLANO DE CARGOS E CARREIRA"
"PLANO DE DESENVOLVIMENTO DA EDUCAÇÃO - PDE","PAR - PDE"
"PMDF - FNDE/FUNDESCOLA","PMFE - PADROES MINIMOS DE FUNCIONAMENTO DAS ESCOLAS"
"PMDF/FNDE/FUNDESCOLA","PMFE - PADROES MINIMOS DE FUNCIONAMENTO DAS ESCOLAS"
"PMFE - PADROES MINIMOS DE FUNCIONAMENTO DAS ESCOLAS","PMFE - PADROES MINIMOS DE FUNCIONAMENTO DAS ESCOLAS"
"PMQAE - PADROES MINIMOS DE QUALIDADE DO AMBIENTE ESCOLAR","PMQAE - PADROES MINIMOS DE QUALIDADE DO AMBIENTE ESCOLAR"
"PMQE - FNDE","PMQAE - PADROES MINIMOS DE QUALIDADE DO AMBIENTE ESCOLAR"
"PNAE","PNAE"
"PNBE","PNBE"
"PRAÇAS DE LEITURA","PRAÇAS DE LEITURA"
"PRADIME","PRADIME"
"PRALER","PRALER"
"PREFEITURA MUNICIPAL","PREFEITURA MUNICIPAL"
"PREFEITURA MUNICIPAL DE GUARUJÁ","PREFEITURA MUNICIPAL"
"PREFEITURA MUNICIPAL DE UBERLÂNDIA","PREFEITURA MUNICIPAL"
"PREF - GESTÃO DEMOCRÁTICA DA EDUCAÇÃO","PREFEITURA MUNICIPAL"
"PREF - QUALIDADE SOCIAL DO ENSINO","PREFEITURA MUNICIPAL"
"Prinfancia","PRO-INFÂNCIA"
"PROCAMPO","PROCAMPO"
"PROFUNCIONÁRIO","PROFUNCIONÁRIO"
"PROFUNCIONÁRIO - ALIMENTAÇÃO ESCOLAR","PROFUNCIONÁRIO - ALIMENTAÇÃO ESCOLAR"
"PROFUNCIONÁRIO - GESTÃO ESCOLAR","PROFUNCIONÁRIO - GESTÃO ESCOLAR"
"PROFUNCIONÁRIO - MEIO AMBIENTE","PROFUNCIONÁRIO - MEIO AMBIENTE  E MANUTENÇÃO E INFRA-ESTRUTURA ESCOLAR"
"PROFUNCIONÁRIO - MEIO AMBIENTE  E MANUTENÇÃO E INFRA-ESTRUTURA ESCOLAR","PROFUNCIONÁRIO - MEIO AMBIENTE  E MANUTENÇÃO E INFRA-ESTRUTURA ESCOLAR"
"PROFUNCIONÁRIO - MULTIMEIOS DIDÁTICOS","PROFUNCIONÁRIO - MULTIMEIOS DIDÁTICOS"
"PROGRAMA DE AMPLIAÇÃO DO ENSINO FUNDAMENTAL PARA 9 ANOS","PROGRAMA DE AMPLIAÇÃO DO ENSINO FUNDAMENTAL PARA 9 ANOS"
"PROGRAMA DE APOIO NA ELABORAÇÃO DO PLANO MUNICIPAL DE EDUCAÇÃO","PROGRAMA DE APOIO NA ELABORAÇÃO DO PLANO MUNICIPAL DE EDUCAÇÃO"
"PROGRAMA DE AVALIAÇÃO DO PLANO NACIONAL DE EDUCAÇÃO","PROGRAMA DE AVALIAÇÃO DO PLANO NACIONAL DE EDUCAÇÃO"
"PROGRAMA DE ENSINO DA SME - PROJETO MOBILAB STANDARD","PREFEITURA MUNICIPAL"
"PROGRAMA  DE FORMAÇÃO CONTINUADA","PROGRAMA DE FORMAÇÃO CONTINUADA"
"PROGRAMA DE FORMAÇÃO CONTINUADA","PROGRAMA DE FORMAÇÃO CONTINUADA"
"PROGRAMA DE FORTALCIMENTO INSTITUCIONAL DAS SMES","PROGRAMA DE FORTALCIMENTO INSTITUCIONAL DAS SMES"
"PROGRAMA DE IMPLANTAÇÃO DE SALAS DE RECURSOS - SEESP","SEESP - Programa de Implantação de Recursos Mulrifuncionais e Formação Continuada"
"PROGRAMA DE INCENTIVO À LEITURA - SEB","PROGRAMA DE INCENTIVO À LEITURA - SEB"
"PROGRAMA MANUEL BANDEIRA DE FORMAÇÃO DE LEITORES","PROGRAMA MANUEL BANDEIRA DE FORMAÇÃO DE LEITORES"
"Programa Nacional de AlimentaÃ§Ã£o Escolar (PNAE)","PNAE"
"PROGRAMA NACIONAL DE ALIMENTAÇÃO ESCOLAR (  PNAE  ).","PNAE"
"PROGRAMA NACIONAL DE CAPACITAÇÃO DE CONSELHEIROS MUNICIPAIS DE EDUCAÇÃO","PROGRAMA NACIONAL DE CAPACITAÇÃO DE CONSELHEIROS MUNICIPAIS DE EDUCAÇÃO"
"PROGRAMA NACIONAL DE EDUCAÇÃO - PNE","PAR - PDE"
"PROGRAMA NACIONAL DE  FORTALECIMENTO DE CONSELHOS ESCOLARES/SEB/MEC.","PROGRAMA NACIONAL DE FORTALECIMENTO DOS CONSELHOS ESCOLARES"
"PROGRAMA NACIONAL DE FORTALECIMENTO DOS CONSELHOS ESCOLARES","PROGRAMA NACIONAL DE FORTALECIMENTO DOS CONSELHOS ESCOLARES"
"PROGRAMA NACIONAL ESCOLA","PROGRAMA NACIONAL ESCOLA DE GESTORES DA EDUCAÇÃO BÁSICA"
"Programa Nacional Escola de Gestores da EducaÃ§Ã£o BÃ¡sica","PROGRAMA NACIONAL ESCOLA DE GESTORES DA EDUCAÇÃO BÁSICA"
"PROGRAMA NACIONAL ESCOLA DE GESTORES DA EDUCAÇÃO BÁSICA","PROGRAMA NACIONAL ESCOLA DE GESTORES DA EDUCAÇÃO BÁSICA"
"PROGRAMA NAClONAL DE FORTALECIMENTO DOS CONSELHOS ESCOLARES","PROGRAMA NACIONAL DE FORTALECIMENTO DOS CONSELHOS ESCOLARES"
"PROINFANCIA","PRO-INFÂNCIA"
"PRO-INFÂNCIA","PRO-INFÂNCIA"
"PROINFANTIL","PROINFANTIL"
"PROINFO","PROINFO"
"PROINFO - INCLUSÃO DIGITAL","PROINFO - INCLUSÃO DIGITAL"
"PROINFO - PDDE","PROINFO - PDDE"
"PROJETO MAIS EDUCAÇÃO - ME,  EDUCAÇÃO ESPECIAL EQUIPAMENTOS","MAIS EDUCAÇÃO"
"PRÓ-LETRAMENTO","PRÓ-LETRAMENTO"
"PROUNI","PROUNI"
"PROVA CAUCAIA","PREFEITURA MUNICIPAL"
"PTA - COMPROMISSO","PAR - PDE"
"QUALIDADE SOCIAL DO ENSINO","QUALIDADE SOCIAL DO ENSINO"
"QUILOMBOLA","QUILOMBOLA"
"RÁDIO ESCOLA","RÁDIO ESCOLA"
"REDE DE FORMAÇÃO PARA DIVERSIDADE","SECAD - FORMAÇÃO PARA DIVERSIDADE - APERFEIÇOAMENTO"
"REDE DE FORMAÇÃO - SEB","REDE DE FORMAÇÃO - SEB"
"REDE DE FORMAÇÃO - SEB - APERFEIÇOAMENTO","REDE DE FORMAÇÃO - SEB - APERFEIÇOAMENTO"
"REDE DE FORMAÇÃO - SEB - APERFEIÇOAMENTO - ALFABETIZAÇÃO E LINGUAGEM","REDE DE FORMAÇÃO - SEB - APERFEIÇOAMENTO - ALFABETIZAÇÃO E LINGUAGEM"
"REDE DE FORMAÇÃO - SEB - APERFEIÇOAMENTO - ALF. E LET. E EDUC. MATEMÁTICA","REDE DE FORMAÇÃO - SEB - APERFEIÇOAMENTO - ALF. E LET. E EDUC. MATEMÁTICA"
"REDE DE FORMAÇÃO - SEB - APERFEIÇOAMENTO - ARTES E EDUCAÇÃO FÍSICA","REDE DE FORMAÇÃO - SEB - APERFEIÇOAMENTO - ARTES E EDUCAÇÃO FÍSICA"
"REDE DE FORMAÇÃO - SEB - APERFEIÇOAMENTO - CIÊNCIAS HUMANAS E SOCIAIS","REDE DE FORMAÇÃO - SEB - APERFEIÇOAMENTO - CIÊNCIAS HUMANAS E SOCIAIS"
"REDE DE FORMAÇÃO - SEB - APERFEIÇOAMENTO - COORDENADORES E SUPERVISORES PEDAGÓGICOS","REDE DE FORMAÇÃO - SEB - APERFEIÇOAMENTO - COORDENADORES E SUPERVISORES PEDAGÓGICOS"
"REDE DE FORMAÇÃO - SEB - APERFEIÇOAMENTO - EDUC. MATEMÁTICA E CIENTÍFICA","REDE DE FORMAÇÃO - SEB - APERFEIÇOAMENTO - EDUC. MATEMÁTICA E CIENTÍFICA"
"REDE DE FORMAÇÃO - SEB - APERFEIÇOAMENTO - PROFESSORES ED. INFANTIL","REDE DE FORMAÇÃO - SEB - APERFEIÇOAMENTO - PROFESSORES ED. INFANTIL"
"REDE DE FORMAÇÃO - SEB - ESPECIALIZAÇÃO - ALFABETIZAÇÃO E LINGUAGEM","REDE DE FORMAÇÃO - SEB - ESPECIALIZAÇÃO - ALFABETIZAÇÃO E LINGUAGEM"
"REDE DE FORMAÇÃO - SEB - ESPECIALIZAÇÃO - ARTES E EDUCAÇÃO FÍSICA","REDE DE FORMAÇÃO - SEB - ESPECIALIZAÇÃO - ARTES E EDUCAÇÃO FÍSICA"
"REDE DE FORMAÇÃO - SEB - ESPECIALIZAÇÃO - CIÊNCIAS HUMANAS E SOCIAIS","REDE DE FORMAÇÃO - SEB - ESPECIALIZAÇÃO - CIÊNCIAS HUMANAS E SOCIAIS"
"REDE DE FORMAÇÃO - SEB - ESPECIALIZAÇÃO - EDUC. MATEMÁTICA E CIENTÍFICA","REDE DE FORMAÇÃO - SEB - ESPECIALIZAÇÃO - EDUC. MATEMÁTICA E CIENTÍFICA"
"REDE DE FORMAÇÃO - SEB - ESPECIALIZAÇÃO - PROFESSORES ANOS INICIAIS E.F.","REDE DE FORMAÇÃO - SEB - ESPECIALIZAÇÃO - PROFESSORES ANOS INICIAIS E.F."
"REDE / FORMAÇÃO PARA DIVERSIDADE","REDE DE FORMAÇÃO PARA DIVERSIDADE"
"REDE METROPOLITANA","REDE METROPOLITANA"
"REDE SOCIAL EDUCATIVA","REDE SOCIAL EDUCATIVA"
"RELAÇÕES ÉTNICO-RACIAIS","SECAD - FORMAÇÃO PARA DIVERSIDADE - RELAÇÕES ÉTNICO-RACIAIS"
"SABERES DA TERRA","SABERES DA TERRA"
"SEB","SEB"
"SEB/Escola de Gestores","PROGRAMA NACIONAL ESCOLA DE GESTORES DA EDUCAÇÃO BÁSICA"
"SEB e SECAD - Rede de Formação/Aperf. Prof. Educ. Infantil","REDE DE FORMAÇÃO - SEB - APERFEIÇOAMENTO - PROFESSORES ED. INFANTIL"
"SEB e SECAD - Rede de Formação/Especialização Prof. Educ. Infantil","REDE DE FORMAÇÃO - SEB - ESPECIALIZAÇÃO - PROFESSORES ED. INFANTIL"
"SEB - FORMAÇÃO CONTINUADA NA ÁREA DE EDUCAÇÃO MATEMÁTICA E CIENTÍFICA","REDE DE FORMAÇÃO - SEB - APERFEIÇOAMENTO - EDUC. MATEMÁTICA E CIENTÍFICA"
"SEB - FORMAÇÃO NA ÁREA DE ENSINO DE CIÊNCIAS HUMANAS E SOCIAIS","REDE DE FORMAÇÃO - SEB - APERFEIÇOAMENTO - CIÊNCIAS HUMANAS E SOCIAIS"
"SEB - Guia Curricular","SEB - Guia Curricular"
"SEB - Guia de Tecnologias Educacionais","GUIA DE TECNOLOGIAS EDUCACIONAIS"
"SEB- GUIA DE TECNOLOGIAS  EDUCACIONAIS","GUIA DE TECNOLOGIAS EDUCACIONAIS"
"SEB - PNE","PROGRAMA DE AVALIAÇÃO DO PLANO NACIONAL DE EDUCAÇÃO"
"SEB/PrÃ³-Conselho","PROGRAMA NACIONAL DE CAPACITAÇÃO DE CONSELHEIROS MUNICIPAIS DE EDUCAÇÃO"
"SEB - PRADIME","PRADIME"
"SEB/PRADIME","PRADIME"
"SEB - Pró-Conselho","PROGRAMA NACIONAL DE CAPACITAÇÃO DE CONSELHEIROS MUNICIPAIS DE EDUCAÇÃO"
"SEB/Pró-Conselho","PROGRAMA NACIONAL DE CAPACITAÇÃO DE CONSELHEIROS MUNICIPAIS DE EDUCAÇÃO"
"SEB - Proformação","PROFORMAÇÃO"
"SEB - Profuncionário - Alimentação Escolar","PROFUNCIONÁRIO - ALIMENTAÇÃO ESCOLAR"
"SEB - Profuncionário - Gestão Escolar","PROFUNCIONÁRIO - GESTÃO ESCOLAR"
"SEB - Profuncionário - Meio Amb. e Manut. de Infra-estrutura Escolar.","PROFUNCIONÁRIO - MEIO AMBIENTE  E MANUTENÇÃO E INFRA-ESTRUTURA ESCOLAR"
"SEB - Profuncionário - Multimeios Didáticos","PROFUNCIONÁRIO - MULTIMEIOS DIDÁTICOS"
"SEB - Prog. Ampliação do EF p/ 9 anos","PROGRAMA DE AMPLIAÇÃO DO ENSINO FUNDAMENTAL PARA 9 ANOS"
"SEB - Prog. de Aval do PNE","PROGRAMA DE AVALIAÇÃO DO PLANO NACIONAL DE EDUCAÇÃO"
"SEB -  Prog Nac Esc de Gestores da EB","PROGRAMA NACIONAL ESCOLA DE GESTORES DA EDUCAÇÃO BÁSICA"
"SEB - Programa de Incentivo à Leitura","PROGRAMA DE INCENTIVO À LEITURA - SEB"
"SEB -  Progr Nac de Fortalecimento dos CE","PROGRAMA NACIONAL DE FORTALECIMENTO DOS CONSELHOS ESCOLARES"
"SEB -  Progr Nac de Fortalecimento dos CE			","PROGRAMA NACIONAL DE FORTALECIMENTO DOS CONSELHOS ESCOLARES"
"SEB - Progr Nacional Biblioteca da Escola (PNBE)","PNBE"
"SEB - Proinfantil","PROINFANTIL"
"SEB - PRO-LETRAMENTO","PRÓ-LETRAMENTO"
"SEB - Pró-letramento","PRÓ-LETRAMENTO"
"SEB - Rede de FormaÃ§Ã£o","REDE DE FORMAÇÃO - SEB"
"SEB - Rede de Formação","REDE DE FORMAÇÃO - SEB"
"SEB -  REDE DE FORMAÇÃO","REDE DE FORMAÇÃO - SEB"
"SEB - REDE DE FORMAÇÃO","REDE DE FORMAÇÃO - SEB"
"SEB - Rede de Formação/Aperfeiçoamento e componentes curriculares.","REDE DE FORMAÇÃO - SEB - APERFEIÇOAMENTO"
"SEB - REDE DE FORMAÇÃO/APERFEIÇOAMENTO NA ÁREA DE ARTES E ED. FÍSICA","REDE DE FORMAÇÃO - SEB - APERFEIÇOAMENTO - ARTES E EDUCAÇÃO FÍSICA"
"SEB - Rede de Formação / Aperfeiçoamento para os professores que atuam na educação especial, nas escolas do campo, nas comunidades quilombolas e nas comunidades indígenas.","SEB - REDE DE FORMAÇAO APERF PARA PROF ED ESP/ESC CAMPO/COM QUIL / COM"
"SEB- REDE DE FORMAÇÃO/APERFEIÇOAMENTO PARA PROFESSORES DA EDUCAÇÃO ESP","SEB - REDE DE FORMAÇAO APERF PARA PROF ED ESP/ESC CAMPO/COM QUIL / COM"
"SEB - Rede de Formação/Aperfeiçoamento Prof. crianças de 6 anos.","REDE DE FORMAÇÃO - SEB - APERFEIÇOAMENTO - PROFESSORES ANOS INICIAIS E.F."
"SEB - Rede de Formação/Aperf. em Alfab e Letramento e Educ Matematica","REDE DE FORMAÇÃO - SEB - APERFEIÇOAMENTO - ALF. E LET. E EDUC. MATEMÁTICA"
"SEB - Rede de Formação/Aperf na área de Alfabetização e Linguagem","REDE DE FORMAÇÃO - SEB - APERFEIÇOAMENTO - ALFABETIZAÇÃO E LINGUAGEM"
"SEB-Rede de Formação/Aperf. na área de Artes e Educ. Física","REDE DE FORMAÇÃO - SEB - APERFEIÇOAMENTO - ARTES E EDUCAÇÃO FÍSICA"
"SEB-Rede de Formação/Aperf na área de Ciências Humanas e Sociais","REDE DE FORMAÇÃO - SEB - APERFEIÇOAMENTO - CIÊNCIAS HUMANAS E SOCIAIS"
"SEB-Rede de Formação/Aperf. na área de Educ Matemática e Científica","REDE DE FORMAÇÃO - SEB - APERFEIÇOAMENTO - EDUC. MATEMÁTICA E CIENTÍFICA"
"SEB - REDE DE FORMAÇAO APERF PARA PROF ED ESP/ESC CAMPO/COM QUIL / COM","SEB - REDE DE FORMAÇAO APERF PARA PROF ED ESP/ESC CAMPO/COM QUIL / COM"
"SEB - Rede de formação/ Cursos para Coord e/ou Superv pedagógicos.","REDE DE FORMAÇÃO - SEB - APERFEIÇOAMENTO - COORDENADORES E SUPERVISORES PEDAGÓGICOS"
"SEB- REDE DE FORMAÇÃO E FNDE - ESCOLA  ATIVA","ESCOLA ATIVA"
"SEB - Rede de Formação/Espec na área de Educ Matemática e Científica","REDE DE FORMAÇÃO - SEB - ESPECIALIZAÇÃO - EDUC. MATEMÁTICA E CIENTÍFICA"
"SEB - Rede de Formação/Espec. para os prof. anos/séries inc do EF","REDE DE FORMAÇÃO - SEB - ESPECIALIZAÇÃO - PROFESSORES ANOS INICIAIS E.F."
"SEB - Rede de Formação/Esp. na área de Artes e Educ Física","REDE DE FORMAÇÃO - SEB - ESPECIALIZAÇÃO - ARTES E EDUCAÇÃO FÍSICA"
"SEB - Rede de Formação/Esp na área de Ciências Humanas e Sociais","REDE DE FORMAÇÃO - SEB - ESPECIALIZAÇÃO - CIÊNCIAS HUMANAS E SOCIAIS"
"SEB - Rede de Formação ou SEED UAB","REDE DE FORMAÇÃO - SEB - APERFEIÇOAMENTO"
"SEB -  REDE DE FORMAÇÃO  PARA COORDENADORES E SUPERVISORES PEDAGÓGICOS","REDE DE FORMAÇÃO - SEB - APERFEIÇOAMENTO - COORDENADORES E SUPERVISORES PEDAGÓGICOS"
"SEB-Rede Form/Aperf p/ prof Educ Especial,Quilombola,Indigena e Campo","SEB - REDE DE FORMAÇAO APERF PARA PROF ED ESP/ESC CAMPO/COM QUIL / COM"
"SEB/SECAD/PRÓ-INFANTIL","PROINFANTIL"
"SEB / SECAD / SEESP","SEB/SECAD/SEESP"
"SEB / SECAD / SEESP / SEED","SEB/SECAD/SEESP/SEED"
"SEB/SECAD/SEESP/SEED","SEB/SECAD/SEESP/SEED"
"SEB / SEED UAB","SEB - UAB"
"SEB/SEED - UAB","SEB - UAB"
"SEB/SEED-UAB","SEB - UAB"
"SEB / SEED-UAB / SECAD","SEB / SEED / SECAD"
"SEB SEED UAB SECAD","SEB / SEED / SECAD"
"SEB SEED-UAB SECAD","SEB / SEED / SECAD"
"SEB/SEED - UAB/SECAD","SEB / SEED / SECAD"
"SEB - UAB","SEB - UAB"
"SECAD","SECAD"
"SECAD - Campo","SECAD - CAMPO"
"SECAD CAMPO","SECAD - CAMPO"
"SECAD - CAMPO","SECAD - CAMPO"
"SECAD-CAMPO","SECAD - CAMPO"
"SECAD - Conexão de Saberes","CONEXÃO DE SABERES"
"SECAD - CURSO HISTÓRIA E CULTURA AFRO-BRASILEIRA E AFRICANA","SECAD - CURSO HISTÓRIA E CULTURA AFRO-BRASILEIRA E AFRICANA"
"SECAD - Direitos Humanos","SECAD - DIREITOS HUMANOS"
"SECAD - DIREITOS HUMANOS","SECAD - DIREITOS HUMANOS"
"SECAD-DIREITOS HUMANOS","SECAD - DIREITOS HUMANOS"
"SECAD e SEED-UAB/Curso form cont História e Cult Afro-Brasil e African","SECAD - CURSO HISTÓRIA E CULTURA AFRO-BRASILEIRA E AFRICANA"
"SECAD E SEED - UAB - FORMAÇÃO P/  A DIVERSIDADE - GÊNERO E DIVERSIDADE","SECAD - FORMAÇÃO PARA DIVERSIDADE - GÊNERO E DIVERSIDADE"
"SECAD e SEED - UAB - Formação para a diversidade","SECAD - FORMAÇÃO PARA DIVERSIDADE - APERFEIÇOAMENTO"
"SECAD e SEED - UAB/Formação para a diversidade(Formação Continuada).","SECAD - FORMAÇÃO PARA DIVERSIDADE - APERFEIÇOAMENTO"
"SECAD E SEED- UAB - FORMAÇÃO PARA A DIVERSIDADE/RELAÇÃO ÉTICO RACIAL","SECAD - FORMAÇÃO PARA DIVERSIDADE - RELAÇÕES ÉTNICO-RACIAIS"
"SECAD e SEED-UAB/Formação p/ Diversidade Educ Ambiental","SECAD - FORMAÇÃO PARA DIVERSIDADE - EDUCAÇÃO AMBIENTAL"
"SECAD e SEED - UAB/Formação p/ Diversidade-Educ em Dir. Humanos","SECAD - FORMAÇÃO PARA DIVERSIDADE - DIREITOS HUMANOS"
"SECAD e SEED - UAB/Formação p/ Diversidade-Educ Integral","SECAD - FORMAÇÃO PARA DIVERSIDADE - ED. INTEGRAL E INTEGRADA"
"SECAD e SEED - UAB/Formação p/ diversidade-Especialização","SECAD - FORMAÇÃO PARA DIVERSIDADE - ESPECIALIZAÇÃO"
"SECAD e SEED - UAB/Formação p/ Diversidade-Gênero e Diversidade","SECAD - FORMAÇÃO PARA DIVERSIDADE - GÊNERO E DIVERSIDADE"
"SECAD e SEED - UAB/Formação p/ Diversidade-Rel Étnico-Raciais","SECAD - FORMAÇÃO PARA DIVERSIDADE - RELAÇÕES ÉTNICO-RACIAIS"
"SECAD  E SEED-UAB/ FORM. P/ DIVERSIDADE-ED. EM DIREITOS HUMANOS","SECAD - FORMAÇÃO PARA DIVERSIDADE - DIREITOS HUMANOS"
"SECAD/FNDE/PDDE","PDDE"
"SECAD / FORMAÇÃO CONTINUADA PARA PROF DAS COMUNI","SECAD - Formação continuada para professores das comunidades indígenas"
"SECAD - Formação continuada para professores das comunidades indígenas","SECAD - Formação continuada para professores das comunidades indígenas"
"SECAD - Formação Continuada p/ Prof das Comunidades Indigenas","SECAD - Formação continuada para professores das comunidades indígenas"
"SECAD - FORMAÇÃO PARA DIVERSIDADE - APERFEIÇOAMENTO","SECAD - FORMAÇÃO PARA DIVERSIDADE - APERFEIÇOAMENTO"
"SECAD - FORMAÇÃO PARA DIVERSIDADE - DIREITOS HUMANOS","SECAD - FORMAÇÃO PARA DIVERSIDADE - DIREITOS HUMANOS"
"SECAD - FORMAÇÃO PARA DIVERSIDADE - ED. INTEGRAL E INTEGRADA","SECAD - FORMAÇÃO PARA DIVERSIDADE - ED. INTEGRAL E INTEGRADA"
"SECAD - FORMAÇÃO PARA DIVERSIDADE - EDUCAÇÃO AMBIENTAL","SECAD - FORMAÇÃO PARA DIVERSIDADE - EDUCAÇÃO AMBIENTAL"
"SECAD - FORMAÇÃO PARA DIVERSIDADE - ESPECIALIZAÇÃO","SECAD - FORMAÇÃO PARA DIVERSIDADE - ESPECIALIZAÇÃO"
"SECAD - FORMAÇÃO PARA DIVERSIDADE - GÊNERO E DIVERSIDADE","SECAD - FORMAÇÃO PARA DIVERSIDADE - GÊNERO E DIVERSIDADE"
"SECAD - FORMAÇÃO PARA DIVERSIDADE - RELAÇÕES ÉTNICO-RACIAIS","SECAD - FORMAÇÃO PARA DIVERSIDADE - RELAÇÕES ÉTNICO-RACIAIS"
"SECAD/IES - Cultura Afro","SECAD/IES - Cultura Afro"
"SECAD/IES-UNIAFRO","SECAD/IES-UNIAFRO"
"SECAD  Mais educação","MAIS EDUCAÇÃO"
"SECAD - Mais Educação","MAIS EDUCAÇÃO"
"SECAD - Mais Educação.","MAIS EDUCAÇÃO"
"SECAD/Mais Educação","MAIS EDUCAÇÃO"
"SECAD -  MAIS EDUCAÇÃO","MAIS EDUCAÇÃO"
"SECAD - MAIS EDUCAÇÃO","MAIS EDUCAÇÃO"
"SECAD - MAIS  EDUCAÇÃO","MAIS EDUCAÇÃO"
"SECAD MAIS EDUCAÇÃO - ADEQUAÇÃO E CONSTRUÇÃO DE ESPAÇOS DESPORTIVOS","MAIS EDUCAÇÃO"
"SECAD - Mais Educação/Com-Vida.","MAIS EDUCAÇÃO"
"SECAD - Mais Educação/Curso de Formação para a Equipe Escolar.","MAIS EDUCAÇÃO - CURSO PARA EQUIPE ESCOLAR"
"SECAD - Mais Educação / Curso de Formação para os gestores municipais","MAIS EDUCAÇÃO - CURSO PARA GESTORES MUNICIPAIS"
"SECAD - Mais Educação/Curso de Formação para os Gestores Municipais.","MAIS EDUCAÇÃO - CURSO PARA GESTORES MUNICIPAIS"
"SECAD - MAIS EDUCAÇÃO / DIREITOS HIMANOS","MAIS EDUCAÇÃO"
"SECAD/MAIS EDUCAÇÃO  E SEB- REDE DE FORMAÇÃO","MAIS EDUCAÇÃO"
"SECAD - MAIS EDUCAÇÃO , SEED- RÁDIO ESCOLA","MAIS EDUCAÇÃO"
"SECAD - Procampo","PROCAMPO"
"SECAD/PRO-FUNCIONARIO","PROFUNCIONÁRIO"
"SECAD - PROJETO DE ACELERAÇÃO","SECAD - PROJETO DE ACELERAÇÃO"
"SECAD - Prolind","SECAD - Prolind"
"SECAD - Relações Etnico-Raciais","SECAD - FORMAÇÃO PARA DIVERSIDADE - RELAÇÕES ÉTNICO-RACIAIS"
"SECAD -  Saberes da Terra","SABERES DA TERRA"
"SECAD - SABERES DA TERRA","SABERES DA TERRA"
"SECAD/SEB","SECAD/SEB"
"SECAD/SEED/UAB - FORMAÇÃO P/ DIVERSIDADE EDUCAÇÃO AMBIENTAL","SECAD - FORMAÇÃO PARA DIVERSIDADE - EDUCAÇÃO AMBIENTAL"
"SECAD - TV ESCOLA","TV ESCOLA"
"SECRETARIA MUNICIPAL DE EDUCAÇÃO","PREFEITURA MUNICIPAL"
"SEDUC - ESTADO, SEB-UAB, SECAD","SEDUC - ESTADO, SEB-UAB, SECAD"
"SEED","SEED"
"SEED e SECAD / Mais Educação.","MAIS EDUCAÇÃO"
"SEED e SECAD/Mais Educação","MAIS EDUCAÇÃO"
"SEED - Midias na Educação","MÍDIAS NA EDUCAÇÃO"
"SEED - MÍDIAS NA EDUCAÇÃO","MÍDIAS NA EDUCAÇÃO"
"SEED - Proinfo","PROINFO"
"SEED - PROINFO  (COM APOIO DO MIN. COMUNICAÇÕES-G-SAC)","PROINFO - GESAC"
"SEED  PROINFO (COM APOIO DO MIN. DAS COMUNICAÇÕES - G-CAC)","PROINFO - GESAC"
"SEED - ProInfo (com apoio do Min. das Comunic - G-SAC)","PROINFO - GESAC"
"SEED - Proinfo (com apoio do Ministério das Comunicações - G-SAC)","PROINFO - GESAC"
"SEED - Proinfo (com apoio do Ministério das Comunicações - GSAC)","PROINFO - GESAC"
"SEED - Rádio Escola","RÁDIO ESCOLA"
"SEED - Rede de Formação/ Cursos para Coord e/ou Superv pedagógicos","REDE DE FORMAÇÃO - SEB - APERFEIÇOAMENTO - COORDENADORES E SUPERVISORES PEDAGÓGICOS"
"SEED - TV Escola","TV ESCOLA"
"SEED - UAB/Aperfeiçoamento","UAB - APERFEIÇOAMENTO"
"SEED - UAB Artes","UAB - ARTES"
"SEED - UAB Ciências","UAB - CIENCIAS"
"SEED - UAB Educação Física","UAB - EDUCACAO FISICA"
"SEED - UAB/Especialização em Alfabetização e Letramento.","UAB - ESPECIALIZACAO - ALFABETIZACAO E LETRAMENTO"
"SEED - UAB/Especialização em Matemática e Cidadania.","UAB - ESPECIALIZAÇÃO - MATEMÁTICA E CIDADANIA"
"SEED - UAB/Especialização na área de Alfabetização e Linguagem","UAB - ESPECIALIZAÇÃO - ALFABETIZAÇÃO E LINGUAGEM"
"SEED - UAB/Especialização na área de Artes e Educação Física","UAB - ESPECIALIZAÇÃO - ARTES E EDUCAÇÃO FÍSICA"
"SEED - UAB/Especialização na área de Ciências Humanas e Sociais","UAB - ESPECIALIZAÇÃO - CIÊNCIAS HUMANAS E SOCIAIS"
"SEED - UAB/Especialização na área Educ Matemática e Científica","UAB - ESPECIALIZAÇÃO - EDUC. MATEMÁTICA E CIENTÍFICA"
"SEED - UAB/Especialização para Professores de Educ. Infantil","SEED - UAB/Especialização para Professores de Educ. Infantil"
"SEED - UAB Geografia","UAB - GEOGRAFIA"
"SEED - UAB História","UAB - HISTORIA"
"SEED - UAB Letras/Espanhol","UAB - LETRAS/ESPANHOL"
"SEED - UAB Letras/Inglês","UAB - LETRAS/INGLÊS"
"SEED - UAB Letras/Português","UAB - LETRAS/PORTUGUES"
"SEED - UAB Matemática","UAB - MATEMATICA"
"SEED - UAB Pedagogia","UAB - PEDAGOGIA"
"SEED - Xadrez nas Escolas","XADREZ NAS ESCOLAS"
"SEED - XADREZ NAS ESCOLAS","XADREZ NAS ESCOLAS"
"SEESP-PROG DE IMPLANTAÇÃO DE REC MULTIFUNCIONAIS E FORMAÇÃO CONTINUADA","SEESP - Programa de Implantação de Recursos Mulrifuncionais e Formação Continuada"
"SEESP - Programa de Formação Continuada","SEESP - PROGRAMA DE FORMAÇÃO CONTINUDA"
"SEESP - PROGRAMA DE FORMAÇÃO CONTINUDA","SEESP - PROGRAMA DE FORMAÇÃO CONTINUDA"
"SEESP PROGRAMA DE FORMAÇÃO CONTINUDA","SEESP - PROGRAMA DE FORMAÇÃO CONTINUDA"
"SEESP - Programa de Implantação de Recursos Mulrifuncionais e Formação Continuada","SEESP - Programa de Implantação de Recursos Mulrifuncionais e Formação Continuada"
"SEESP - Programa de Implantação de Recursos Multifuncionais e Formação","SEESP - Programa de Implantação de Recursos Mulrifuncionais e Formação Continuada"
"SEESP - Programa de Implantação de Salas de Recursos","SEESP - Programa de Implantação de Recursos Mulrifuncionais e Formação Continuada"
"SEGUNDO TEMPO - MINISTÉRIO DO ESPORTE","SEGUNDO TEMPO - MINISTÉRIO DO ESPORTE"
"TV ESCOLA","TV ESCOLA"
"TV ESCOLA - DVD/SECAD - MAIS EDUCAÇÃO","TV ESCOLA"
"UAB","UAB"
"UAB - APERFEIÇOAMENTO","UAB - APERFEIÇOAMENTO"
"UAB - APERFEIÇOAMENTO - PROF. ED. INFANTIL","UAB - APERFEIÇOAMENTO - PROF. ED. INFANTIL"
"UAB - ARTES","UAB - ARTES"
"UAB - CIENCIAS","UAB - CIENCIAS"
"UAB - EDUCACAO FISICA","UAB - EDUCACAO FISICA"
"UAB - ESPECIALIZACAO - ALFABETIZACAO E LETRAMENTO","UAB - ESPECIALIZACAO - ALFABETIZACAO E LETRAMENTO"
"UAB - ESPECIALIZAÇÃO - ALFABETIZAÇÃO E LINGUAGEM","UAB - ESPECIALIZAÇÃO - ALFABETIZAÇÃO E LINGUAGEM"
"UAB - ESPECIALIZAÇÃO - ARTES E EDUCAÇÃO FÍSICA","UAB - ESPECIALIZAÇÃO - ARTES E EDUCAÇÃO FÍSICA"
"UAB - ESPECIALIZAÇÃO - CIÊNCIAS HUMANAS E SOCIAIS","UAB - ESPECIALIZAÇÃO - CIÊNCIAS HUMANAS E SOCIAIS"
"UAB - ESPECIALIZAÇÃO - EDUC. MATEMÁTICA E CIENTÍFICA","UAB - ESPECIALIZAÇÃO - EDUC. MATEMÁTICA E CIENTÍFICA"
"UAB - ESPECIALIZAÇÃO - MATEMÁTICA E CIDADANIA","UAB - ESPECIALIZAÇÃO - MATEMÁTICA E CIDADANIA"
"UAB - ESPECIALIZAÇÃO - PROF. ED. INFANTIL","UAB - ESPECIALIZAÇÃO - PROF. ED. INFANTIL"
"UAB - HISTORIA","UAB - HISTORIA"
"UAB - LETRAS/ESPANHOL","UAB - LETRAS/ESPANHOL"
"UAB - LETRAS/INGLÊS","UAB - LETRAS/INGLÊS"
"UAB - LETRAS/PORTUGUES","UAB - LETRAS/PORTUGUES"
"UAB - MATEMATICA","UAB - MATEMATICA"
"UAB - PEDAGOGIA","UAB - PEDAGOGIA"
"UNIAFRO","UNIAFRO"
"XADREZ NAS ESCOLAS","XADREZ NAS ESCOLAS"
